mode,mean_EP_max,mean_PAS_at_T_opt,mean_PS_at_T_opt,mean_RT,mean_RI,mean_RE
FULL,0.2931024902230383,0.3087485329796032,0.9722222222222222,6.676853921855644,0.8271041916787694,0.4418861481791106
NO_SAFE_GUARD,0.2974945842100969,0.3053387251019696,0.9788888888888888,6.610048038562546,0.8296266818135062,0.445013144931174
NO_CF,0.3002640267126957,0.3113858450942119,0.9788888888888888,6.712649469697947,0.8254351113572636,0.4404446251530422
NO_RANK,0.3012868646086842,0.3141855175799116,0.9788888888888888,6.768289881640434,0.82380386115893,0.4378920381552939
NO_PHYSICS,0.3018388651250976,0.3135615004335824,0.9792592592592594,6.737875925521089,0.8246627671076061,0.4397990451821561
NO_MPC,0.3576552156962146,0.3793498412901803,0.9585185185185184,7.796400208845631,0.7918090156222808,0.3969097855907003
