source_std,EPmax,PAS,RI,RT,RE,Active_I,Affected_buses,source_label
NO_PROTECTION,0.7606397768612253,0.8370214452725196,0.5057193939061955,14.531414238718602,0.1080525966651301,105.63875,,No protection
RANDOM,0.5394983507097352,0.5841403040719265,0.668893048793734,10.80598274394782,0.2564847030664891,71.69,,Random
COMM_HUB,0.1991394745496003,0.2044367192184007,0.8974093506640176,4.519023531162643,0.517876925521355,24.207083333333333,,Comm. hub
POWER_DEGREE,0.4258145762363606,0.4670148828787369,0.7422193553101336,8.818315946799249,0.339480302301734,64.33333333333333,,Power degree
POWER_CAPACITY,0.4197687649998187,0.4566967531281642,0.7475911664392558,8.632639830584969,0.3475055200413254,63.055,,Power capacity
PHYSICS_IMPACT,0.4206915798060363,0.4521118485748131,0.7499773364915451,8.595527288174695,0.3483880424985431,63.26,,Physics impact
CYBER_PHYSICS_OVERLAP,0.2595615622219466,0.2760911227756264,0.8553122559220561,5.758478719933684,0.465414243227186,38.84666666666667,,Cyber-physical overlap
