feature,importance
defense_budget,0.5563634892324953
strategy,0.2511297349868544
infection_rate,0.1251466715726847
pattern,0.0328348493610358
detection_rate,0.0287039600329655
other factors,0.0058212948139641
